name1	shortTitle1	dateUpdate1	address1	3/26/1905	56	auditor1	phone1	email1	branch	activity	link1
name2	shortTitle2	dateUpdate2	address2	3/26/1905	56	auditor2	phone2	email2	branch	activity	link2
name3	shortTitle3	dateUpdate3	address3	3/26/1905	56	auditor3	phone3	email3	branch	activity	link3
name4	shortTitle4	dateUpdate4	address4	3/26/1905	56	auditor4	phone4	email4	branch1	activity1	link4
name5	shortTitle5	dateUpdate5	address5	3/26/1905	56	auditor5	phone5	email5	branch1	activity	link5
name6	shortTitle6	dateUpdate6	address6	3/26/1905	56	auditor6	phone6	email6	branch1	activity	link6
name7	shortTitle7	dateUpdate7	address7	3/26/1905	56	auditor7	phone7	email7	branch1	activity1	link7
name8	shortTitle8	dateUpdate8	address8	3/26/1905	561	auditor8	phone8	email8	branch	activity2	link8
name9	shortTitle9	dateUpdate9	address9	12/16/1904	56	auditor9	phone9	email9	branch2	activity	link9
name10	shortTitle10	dateUpdate10	address10	12/16/1904	56	auditor10	phone10	email10	branch2	activity1	link10
name11	shortTitle11	dateUpdate11	address11	12/16/1904	156	auditor11	phone11	email11	branch	activity	link11
name12	shortTitle12	dateUpdate12	address12	9/7/1904	56	auditor12	phone12	email12	branch	activity	link12
name13	shortTitle13	dateUpdate13	address13	9/7/1904	56	auditor13	phone13	email13	branch	activity2	link13
name14	shortTitle14	dateUpdate14	address14	9/7/1904	356	auditor14	phone14	email14	branch	activity	link14
name15	shortTitle15	dateUpdate15	address15	9/7/1904	56	auditor15	phone15	email15	branch	activity2	link15
name16	shortTitle16	dateUpdate16	address16	3/26/1905	56	auditor16	phone16	email16	branch2	activity	link16
name17	shortTitle17	dateUpdate17	address17	3/26/1905	56	auditor17	phone17	email17	branch	activity	link17
name18	shortTitle18	dateUpdate18	address18	3/26/1905	456	auditor18	phone18	email18	branch	activity2	link18
name19	shortTitle19	dateUpdate19	address19	3/26/1905	56	auditor19	phone19	email19	branch	activity	link19
name20	shortTitle20	dateUpdate20	address20	3/26/1905	56	auditor20	phone20	email20	branch	activity	link20
name21	shortTitle21	dateUpdate21	address21	3/26/1905	56	auditor21	phone21	email21	branch	activity	link21
name22	shortTitle22	dateUpdate22	address22	3/26/1905	56	auditor22	phone22	email22	branch	activity	link22
